{
  "CTk": {
    "fg_color": [
      "#022a52",
      "#030515"
    ]
  },
  "CTkToplevel": {
    "fg_color": [
      "#022a52",
      "#030515"
    ]
  },
  "CTkFrame": {
    "corner_radius": 6,
    "border_width": 0,
    "fg_color": [
      "#022a52",
      "#030515"
    ],
    "top_fg_color": [
      "#05335b",
      "#000e1e"
    ],
    "border_color": [
      "#104474",
      "#565B5E"
    ]
  },
  "CTkButton": {
    "corner_radius": 6,
    "border_width": 0,
    "fg_color": [
      "#021840",
      "#21244e"
    ],
    "hover_color": [
      "#000c36",
      "#1b1e48"
    ],
    "border_color": [
      "#104474",
      "#565B5E"
    ],
    "text_color": [
      "#dbf2f6",
      "#cdc8ce"
    ],
    "text_color_disabled": [
      "#7a8894",
      "#7a8894"
    ]
  },
  "CTkLabel": {
    "corner_radius": 0,
    "fg_color": "transparent",
    "text_color": [
      "#dbf2f6",
      "#cdc8ce"
    ]
  },
  "CTkEntry": {
    "corner_radius": 6,
    "border_width": 2,
    "fg_color": [
      "#02244c",
      "#1b1e48"
    ],
    "border_color": [
      "#104474",
      "#565B5E"
    ],
    "text_color": [
      "#dbf2f6",
      "#cdc8ce"
    ],
    "placeholder_text_color": [
      "#cdc8ce",
      "#cdc8ce"
    ]
  },
  "CTkCheckbox": {
    "corner_radius": 6,
    "border_width": 3,
    "fg_color": [
      "#212435",
      "#212435"
    ],
    "border_color": [
      "#d9d9d9",
      "#565B5E"
    ],
    "hover_color": [
      "#171926",
      "#171926"
    ],
    "checkmark_color": [
      "#01e9c4",
      "#01e9c4"
    ],
    "text_color": [
      "#dbf2f6",
      "#cdc8ce"
    ],
    "text_color_disabled": [
      "#7a8894",
      "#7a8894"
    ]
  },
  "CTkSwitch": {
    "corner_radius": 1000,
    "border_width": 3,
    "button_length": 0,
    "fg_color": [
      "#00e6c3",
      "#00e6c3"
    ],
    "progress_color": [
      "#fff07e",
      "#fff07e"
    ],
    "button_color": [
      "#5b40c5",
      "#5b40c5"
    ],
    "button_hover_color": [
      "#5237bc",
      "#5237bc"
    ],
    "text_color": [
      "#dbf2f6",
      "#cdc8ce"
    ],
    "text_color_disabled": [
      "#7a8894",
      "#7a8894"
    ]
  },
  "CTkRadiobutton": {
    "corner_radius": 1000,
    "border_width_checked": 6,
    "border_width_unchecked": 3,
    "fg_color": [
      "#407996",
      "#6d5bce"
    ],
    "border_color": [
      "#2e6784",
      "#4c31b6"
    ],
    "hover_color": [
      "#10121f",
      "#7074d1"
    ],
    "text_color": [
      "#dbf2f6",
      "#cdc8ce"
    ],
    "text_color_disabled": [
      "#7a8894",
      "#7a8894"
    ]
  },
  "CTkProgressBar": {
    "corner_radius": 1000,
    "border_width": 0,
    "fg_color": [
      "#00e6c3",
      "#00e6c3"
    ],
    "progress_color": [
      "#fff07e",
      "#fff07e"
    ],
    "border_color": [
      "#104474",
      "#565B5E"
    ]
  },
  "CTkSlider": {
    "corner_radius": 1000,
    "button_corner_radius": 1000,
    "border_width": 6,
    "button_length": 0,
    "fg_color": [
      "#00e6c3",
      "#00e6c3"
    ],
    "progress_color": [
      "#fff07e",
      "#fff07e"
    ],
    "button_color": [
      "#212435",
      "#212435"
    ],
    "button_hover_color": [
      "#10121f",
      "#10121f"
    ]
  },
  "CTkOptionMenu": {
    "corner_radius": 6,
    "fg_color": [
      "#02244c",
      "#1b1e48"
    ],
    "button_color": [
      "#5b40c5",
      "#5b40c5"
    ],
    "button_hover_color": [
      "#5237bc",
      "#5237bc"
    ],
    "text_color": [
      "#dbf2f6",
      "#DCE4EE"
    ],
    "text_color_disabled": [
      "#7a8894",
      "#7a8894"
    ]
  },
  "CTkComboBox": {
    "corner_radius": 6,
    "border_width": 2,
    "fg_color": [
      "#02244c",
      "#1b1e48"
    ],
    "border_color": [
      "#104474",
      "#565B5E"
    ],
    "button_color": [
      "#051b43",
      "#1e214b"
    ],
    "button_hover_color": [
      "#091c58",
      "#7A848D"
    ],
    "text_color": [
      "#def5f9",
      "#cdc8ce"
    ],
    "text_color_disabled": [
      "#7a8894",
      "#7a8894"
    ]
  },
  "CTkScrollbar": {
    "corner_radius": 1000,
    "border_spacing": 4,
    "fg_color": "transparent",
    "button_color": [
      "#d8eff3",
      "#583dc2"
    ],
    "button_hover_color": [
      "#09ddba",
      "#f6f6cf"
    ]
  },
  "CTkSegmentedButton": {
    "corner_radius": 6,
    "border_width": 2,
    "fg_color": [
      "#212435",
      "#212435"
    ],
    "selected_color": [
      "#2f456d",
      "#3f426c"
    ],
    "selected_hover_color": [
      "#1d335b",
      "#2d305a"
    ],
    "unselected_color": [
      "#022a52",
      "#1b1e48"
    ],
    "unselected_hover_color": [
      "#052149",
      "#12153f"
    ],
    "text_color": [
      "#dbf2f6",
      "#cdc8ce"
    ],
    "text_color_disabled": [
      "#7a8894",
      "#7a8894"
    ]
  },
  "CTkTextbox": {
    "corner_radius": 6,
    "border_width": 0,
    "fg_color": [
      "#05274f",
      "#060212"
    ],
    "border_color": [
      "#0d4171",
      "#565B5E"
    ],
    "text_color": [
      "#dbf2f6",
      "#cdc8ce"
    ],
    "scrollbar_button_color": [
      "#d8eff3",
      "#5b40c5"
    ],
    "scrollbar_button_hover_color": [
      "#09ddba",
      "#f6f6cf"
    ]
  },
  "CTkScrollableFrame": {
    "label_fg_color": [
      "#05335b",
      "#000e1e"
    ]
  },
  "DropdownMenu": {
    "fg_color": [
      "#052149",
      "#1b1e48"
    ],
    "hover_color": [
      "#0d4171",
      "#4f34b9"
    ],
    "text_color": [
      "#dbf2f6",
      "#DCE4EE"
    ]
  },
  "CTkFont": {
    "macOS": {
      "family": "SF Display",
      "size": 13,
      "weight": "normal"
    },
    "Windows": {
      "family": "Roboto",
      "size": 13,
      "weight": "normal"
    },
    "Linux": {
      "family": "Roboto",
      "size": 13,
      "weight": "normal"
    }
  },
  "provenance": {
    "theme author": "Clive Bostock",
    "date created": "Mar 27 2023 18:16:02",
    "last modified by": "Clive Bostock",
    "created with": "CTk Theme Builder",
    "last modified": "May 22 2023 21:28:57",
    "keystone colour": "#1e214b",
    "harmony method": "Triadic",
    "harmony differential": 5,
    "theme name": "NightTrain"
  }
}