{
  "0": [
    "#74926f",
    "#279C97"
  ],
  "1": [
    "#6f7492",
    "#556875"
  ],
  "2": [
    "#7d9b78",
    "#d0d8de"
  ],
  "3": [
    "#a6b5c1",
    "#a6b5c1"
  ],
  "4": [
    "#d0d8de",
    "#d0d8de"
  ],
  "5": [
    "#283146",
    "#283146"
  ],
  "6": [
    "#272c4a",
    "#05403F"
  ],
  "7": [
    "#bec6cc",
    "#f6f6f6"
  ],
  "8": [
    "#96789b",
    "#05403F"
  ],
  "9": [
    "#9b787d",
    "#718195"
  ],
  "10": [
    "#c3cbd5",
    "#c3cbd5"
  ],
  "11": [
    "#5b6879",
    "#5b6879"
  ],
  "12": [
    "#d9d9d9",
    "#d9d9d9"
  ],
  "13": [
    "#d9d9d9",
    "#d9d9d9"
  ],
  "14": [
    "#1e2341",
    "#75D1C6"
  ],
  "15": [
    "#707d8e",
    "#929aa8"
  ]
}