{
  "0": [
    "#2e435c",
    "#2e435c"
  ],
  "1": [
    "#405366",
    "#405366"
  ],
  "2": [
    "#4B0082",
    "#4B0082"
  ],
  "3": [
    "#0000FF",
    "#0000FF"
  ],
  "4": [
    "#2e435c",
    "#2e435c"
  ],
  "5": [
    "#405366",
    "#405366"
  ],
  "6": [
    "#4B0082",
    "#4B0082"
  ],
  "7": [
    "#0000FF",
    "#0000FF"
  ],
  "8": [
    "#000000",
    "#000000"
  ],
  "9": [
    "#667885",
    "#667885"
  ],
  "10": [
    "#4B0082",
    "#4B0082"
  ],
  "11": [
    "#0000FF",
    "#0000FF"
  ],
  "12": [
    "#00FF00",
    "#00FF00"
  ],
  "13": [
    "#FFF000",
    "#FFF000"
  ],
  "14": [
    "#FF7F00",
    "#FF7F00"
  ],
  "15": [
    "#FF7F00",
    "#c3cbd5"
  ]
}