{
  "0": [
    "#a20a0a",
    "#e00000"
  ],
  "1": [
    "#185a8a",
    "#00ac56"
  ],
  "2": [
    "#00acac",
    "#00acac"
  ],
  "3": [
    "#f0e9b6",
    "#f0e9b6"
  ],
  "4": [
    "#181b28",
    "#acac00"
  ],
  "5": [
    "#f0e9b6",
    "#f4f4ee"
  ],
  "6": [
    "#8e0a0a",
    "#c60000"
  ],
  "7": [
    "#0000ac",
    "#0000ac"
  ],
  "8": [
    "#0aa2a2",
    "#0aa2a2"
  ],
  "9": [
    "#FFF000",
    "#FFF000"
  ],
  "10": [
    "#151825",
    "#a2a20a"
  ],
  "11": [
    "#7c7c81",
    "#7c7c81"
  ],
  "12": [
    "#d9d9d9",
    "#173145"
  ],
  "13": [
    "#d9d9d9",
    "#142e42"
  ],
  "14": [
    "#d9d9d9",
    "#142e42"
  ],
  "15": [
    "#A3A3A3",
    "#142e42"
  ]
}