{
  "0": [
    "#4e637b",
    "#456582"
  ],
  "1": [
    "#5fa1cc",
    "#5fa1cc"
  ],
  "2": [
    "#5fa1cc",
    "#5fa1cc"
  ],
  "3": [
    "#577584",
    "#577584"
  ],
  "4": [
    "#415668",
    "#263d49"
  ],
  "5": [
    "#ffffff",
    "#3e5365"
  ],
  "6": [
    "#364b63",
    "#22333F"
  ],
  "7": [
    "#243542",
    "#243542"
  ],
  "8": [
    "#3b6260",
    "#3b6260"
  ],
  "9": [
    "#384d5f",
    "#384d5f"
  ],
  "10": [
    "#29404C",
    "#1f303c"
  ],
  "11": [
    "#aebdcb",
    "#22333F"
  ],
  "12": [
    "#d9d9d9",
    "#243542"
  ],
  "13": [
    "#d9d9d9",
    "#3b6260"
  ],
  "14": [
    "#d9d9d9",
    "#384d5f"
  ],
  "15": [
    "#d9d9d9",
    "#aebdcb"
  ]
}